[
    {
        "_id": "A101",
        "title": "Data Analysis Report",
        "course": "CS101",
        "dueDate": "Sep 18, 2024",
        "dueTime": "11:59pm",
        "points": 100
    },
    {
        "_id": "A102",
        "title": "Statistical Inference Project",
        "course": "CS101",
        "dueDate": "Oct 2, 2024",
        "dueTime": "11:59pm",
        "points": 100
    },
    {
        "_id": "A103",
        "title": "Machine Learning Algorithm Implementation",
        "course": "CS101",
        "dueDate": "Oct 12, 2024",
        "dueTime": "11:59pm",
        "points": 100
    },
    {
        "_id": "A104",
        "title": "Predictive Modeling Challenge",
        "course": "CS101",
        "dueDate": "Oct 18, 2024",
        "dueTime": "11:59pm",
        "points": 100
    },
    {
        "_id": "A105",
        "title": "Data Visualization Portfolio",
        "course": "CS101",
        "dueDate": "Oct 30, 2024",
        "dueTime": "11:59pm",
        "points": 100
    },
    {
        "_id": "A106",
        "title": "Big Data Analytics Exercise",
        "course": "CS101",
        "dueDate": "Nov 10, 2024",
        "dueTime": "11:59pm",
        "points": 100
    },
    {
        "_id": "A107",
        "title": "Neural Network Design Task",
        "course": "CS101",
        "dueDate": "Nov 19, 2024",
        "dueTime": "11:59pm",
        "points": 100
    },
    {
        "_id": "A108",
        "title": "Time Series Forecasting Project",
        "course": "CS101",
        "dueDate": "Nov 28, 2024",
        "dueTime": "11:59pm",
        "points": 100
    },
    {
        "_id": "A109",
        "title": "Natural Language Processing (NLP) Exam",
        "course": "CS101",
        "dueDate": "Dec 1, 2024",
        "dueTime": "11:59pm",
        "points": 100
    },
    {
        "_id": "A201",
        "title": "Supervised Machine Learning Assignment",
        "course": "CS102",
        "dueDate": "Oct 18, 2024",
        "dueTime": "11:59pm",
        "points": 100
    },
    {
        "_id": "A202",
        "title": "Unsupervised Machine Learning Assignment",
        "course": "CS102",
        "dueDate": "Oct 30, 2024",
        "dueTime": "11:59pm",
        "points": 100
    },
    {
        "_id": "A203",
        "title": "Reinforcement Learning Assignment",
        "course": "CS102",
        "dueDate": "Nov 10, 2024",
        "dueTime": "11:59pm",
        "points": 100
    },
    {
        "_id": "A301",
        "title": "Neural Network Basics Assignment",
        "course": "CS103",
        "dueDate": "Nov 19, 2024",
        "dueTime": "11:59pm",
        "points": 100
    },
    {
        "_id": "A302",
        "title": "Convolutional Neural Network Assignment",
        "course": "CS103",
        "dueDate": "Nov 28, 2024",
        "dueTime": "11:59pm",
        "points": 100
    },
    {
        "_id": "A303",
        "title": "RNNs and LSTMs Assignment",
        "course": "CS103",
        "dueDate": "Dec 1, 2024",
        "dueTime": "11:59pm",
        "points": 100
    }
]