[
    {
        "_id": "CS101",
        "name": "12631 SPTP Data Science",
        "number": "CS5670",
        "courseText": "Spring 2024 Semester Full Term Grad",
        "startDate": "2023-01-10",
        "endDate": "2023-05-15",
        "image": "data_science.jpeg"
    },
    {
        "_id": "CS102",
        "name": "12632 Machine Learning",
        "number": "CS6140",
        "courseText": "Spring 2024 Semester Full Term Grad",
        "startDate": "2023-01-10",
        "endDate": "2023-05-15",
        "image": "machine_learning.jpeg"
    },
    {
        "_id": "CS103",
        "name": "12633 Deep Learning",
        "number": "CS7150",
        "courseText": "Spring 2024 Semester Full Term Grad",
        "startDate": "2023-01-10",
        "endDate": "2023-05-15",
        "image": "deep_learning.png"
    }
]