[
    {
        "_id": "1",
        "student": "121",
        "assignment": "A101",
        "grade": "90%"
    },
    {
        "_id": "2",
        "student": "122",
        "assignment": "A101",
        "grade": "91%"
    },
    {
        "_id": "3",
        "student": "123",
        "assignment": "A101",
        "grade": "92%"
    },
    {
        "_id": "4",
        "student": "124",
        "assignment": "A101",
        "grade": "92%"
    },
    {
        "_id": "5",
        "student": "125",
        "assignment": "A101",
        "grade": "92%"
    },
    {
        "_id": "6",
        "student": "126",
        "assignment": "A101",
        "grade": "92%"
    },
    {
        "_id": "7",
        "student": "127",
        "assignment": "A101",
        "grade": "92%"
    },
    {
        "_id": "8",
        "student": "128",
        "assignment": "A101",
        "grade": "92%"
    },
    {
        "_id": "9",
        "student": "129",
        "assignment": "A101",
        "grade": "91%"
    },
    {
        "_id": "10",
        "student": "124",
        "assignment": "A201",
        "grade": "80%"
    },
    {
        "_id": "11",
        "student": "125",
        "assignment": "A201",
        "grade": "81%"
    },
    {
        "_id": "12",
        "student": "126",
        "assignment": "A201",
        "grade": "82%"
    },
    {
        "_id": "13",
        "student": "124",
        "assignment": "A202",
        "grade": "82%"
    },
    {
        "_id": "14",
        "student": "125",
        "assignment": "A202",
        "grade": "81%"
    },
    {
        "_id": "15",
        "student": "126",
        "assignment": "A202",
        "grade": "80%"
    },
    
    {
        "_id": "16",
        "student": "121",
        "assignment": "A102",
        "grade": "90%"
    },
    {
        "_id": "17",
        "student": "122",
        "assignment": "A102",
        "grade": "91%"
    },
    {
        "_id": "18",
        "student": "123",
        "assignment": "A102",
        "grade": "92%"
    },
    {
        "_id": "19",
        "student": "124",
        "assignment": "A102",
        "grade": "92%"
    },
    {
        "_id": "20",
        "student": "125",
        "assignment": "A102",
        "grade": "92%"
    },
    {
        "_id": "21",
        "student": "126",
        "assignment": "A102",
        "grade": "92%"
    },
    {
        "_id": "22",
        "student": "127",
        "assignment": "A102",
        "grade": "92%"
    },
    {
        "_id": "23",
        "student": "128",
        "assignment": "A102",
        "grade": "92%"
    },
    {
        "_id": "24",
        "student": "129",
        "assignment": "A102",
        "grade": "91%"
    },
    {
        "_id": "25",
        "student": "121",
        "assignment": "A103",
        "grade": "90%"
    },
    {
        "_id": "26",
        "student": "122",
        "assignment": "A103",
        "grade": "91%"
    },
    {
        "_id": "27",
        "student": "123",
        "assignment": "A103",
        "grade": "92%"
    },
    {
        "_id": "28",
        "student": "124",
        "assignment": "A103",
        "grade": "92%"
    },
    {
        "_id": "29",
        "student": "125",
        "assignment": "A103",
        "grade": "92%"
    },
    {
        "_id": "30",
        "student": "126",
        "assignment": "A103",
        "grade": "92%"
    },
    {
        "_id": "31",
        "student": "127",
        "assignment": "A103",
        "grade": "92%"
    },
    {
        "_id": "32",
        "student": "128",
        "assignment": "A103",
        "grade": "92%"
    },
    {
        "_id": "33",
        "student": "129",
        "assignment": "A103",
        "grade": "91%"
    },
    {
        "_id": "34",
        "student": "121",
        "assignment": "A104",
        "grade": "90%"
    },
    {
        "_id": "35",
        "student": "122",
        "assignment": "A104",
        "grade": "91%"
    },
    {
        "_id": "36",
        "student": "123",
        "assignment": "A104",
        "grade": "92%"
    },
    {
        "_id": "37",
        "student": "124",
        "assignment": "A104",
        "grade": "92%"
    },
    {
        "_id": "38",
        "student": "125",
        "assignment": "A104",
        "grade": "92%"
    },
    {
        "_id": "39",
        "student": "126",
        "assignment": "A104",
        "grade": "92%"
    },
    {
        "_id": "40",
        "student": "127",
        "assignment": "A104",
        "grade": "92%"
    },
    {
        "_id": "41",
        "student": "128",
        "assignment": "A104",
        "grade": "92%"
    },
    {
        "_id": "42",
        "student": "129",
        "assignment": "A104",
        "grade": "91%"
    },
    {
        "_id": "43",
        "student": "121",
        "assignment": "A105",
        "grade": "90%"
    },
    {
        "_id": "44",
        "student": "122",
        "assignment": "A105",
        "grade": "91%"
    },
    {
        "_id": "45",
        "student": "123",
        "assignment": "A105",
        "grade": "92%"
    },
    {
        "_id": "46",
        "student": "124",
        "assignment": "A105",
        "grade": "92%"
    },
    {
        "_id": "47",
        "student": "125",
        "assignment": "A105",
        "grade": "92%"
    },
    {
        "_id": "48",
        "student": "126",
        "assignment": "A105",
        "grade": "92%"
    },
    {
        "_id": "49",
        "student": "127",
        "assignment": "A105",
        "grade": "92%"
    },
    {
        "_id": "50",
        "student": "128",
        "assignment": "A105",
        "grade": "92%"
    },
    {
        "_id": "51",
        "student": "129",
        "assignment": "A105",
        "grade": "91%"
    },
    {
        "_id": "52",
        "student": "121",
        "assignment": "A106",
        "grade": "90%"
    },
    {
        "_id": "53",
        "student": "122",
        "assignment": "A106",
        "grade": "91%"
    },
    {
        "_id": "54",
        "student": "123",
        "assignment": "A106",
        "grade": "92%"
    },
    {
        "_id": "55",
        "student": "124",
        "assignment": "A106",
        "grade": "92%"
    },
    {
        "_id": "56",
        "student": "125",
        "assignment": "A106",
        "grade": "92%"
    },
    {
        "_id": "57",
        "student": "126",
        "assignment": "A106",
        "grade": "92%"
    },
    {
        "_id": "58",
        "student": "127",
        "assignment": "A106",
        "grade": "92%"
    },
    {
        "_id": "59",
        "student": "128",
        "assignment": "A106",
        "grade": "92%"
    },
    {
        "_id": "60",
        "student": "129",
        "assignment": "A106",
        "grade": "91%"
    },
    {
        "_id": "61",
        "student": "121",
        "assignment": "A107",
        "grade": "90%"
    },
    {
        "_id": "62",
        "student": "122",
        "assignment": "A107",
        "grade": "91%"
    },
    {
        "_id": "63",
        "student": "123",
        "assignment": "A107",
        "grade": "92%"
    },
    {
        "_id": "64",
        "student": "124",
        "assignment": "A107",
        "grade": "92%"
    },
    {
        "_id": "65",
        "student": "125",
        "assignment": "A107",
        "grade": "92%"
    },
    {
        "_id": "66",
        "student": "126",
        "assignment": "A107",
        "grade": "92%"
    },
    {
        "_id": "67",
        "student": "127",
        "assignment": "A107",
        "grade": "92%"
    },
    {
        "_id": "68",
        "student": "128",
        "assignment": "A107",
        "grade": "92%"
    },
    {
        "_id": "69",
        "student": "129",
        "assignment": "A107",
        "grade": "91%"
    },
    {
        "_id": "70",
        "student": "121",
        "assignment": "A108",
        "grade": "90%"
    },
    {
        "_id": "17",
        "student": "122",
        "assignment": "A108",
        "grade": "91%"
    },
    {
        "_id": "18",
        "student": "123",
        "assignment": "A108",
        "grade": "92%"
    },
    {
        "_id": "19",
        "student": "124",
        "assignment": "A108",
        "grade": "92%"
    },
    {
        "_id": "20",
        "student": "125",
        "assignment": "A108",
        "grade": "92%"
    },
    {
        "_id": "21",
        "student": "126",
        "assignment": "A108",
        "grade": "92%"
    },
    {
        "_id": "22",
        "student": "127",
        "assignment": "A108",
        "grade": "92%"
    },
    {
        "_id": "23",
        "student": "128",
        "assignment": "A108",
        "grade": "92%"
    },
    {
        "_id": "24",
        "student": "129",
        "assignment": "A108",
        "grade": "91%"
    },    {
        "_id": "16",
        "student": "121",
        "assignment": "A109",
        "grade": "90%"
    },
    {
        "_id": "17",
        "student": "122",
        "assignment": "A109",
        "grade": "91%"
    },
    {
        "_id": "18",
        "student": "123",
        "assignment": "A109",
        "grade": "92%"
    },
    {
        "_id": "19",
        "student": "124",
        "assignment": "A109",
        "grade": "92%"
    },
    {
        "_id": "20",
        "student": "125",
        "assignment": "A109",
        "grade": "92%"
    },
    {
        "_id": "21",
        "student": "126",
        "assignment": "A109",
        "grade": "92%"
    },
    {
        "_id": "22",
        "student": "127",
        "assignment": "A109",
        "grade": "92%"
    },
    {
        "_id": "23",
        "student": "128",
        "assignment": "A109",
        "grade": "92%"
    },
    {
        "_id": "24",
        "student": "129",
        "assignment": "A109",
        "grade": "91%"
    },
    {
        "_id": "16",
        "student": "121",
        "assignment": "A203",
        "grade": "90%"
    },
    {
        "_id": "17",
        "student": "122",
        "assignment": "A203",
        "grade": "91%"
    },
    {
        "_id": "18",
        "student": "123",
        "assignment": "A203",
        "grade": "92%"
    },
    {
        "_id": "19",
        "student": "124",
        "assignment": "A203",
        "grade": "92%"
    },
    {
        "_id": "20",
        "student": "125",
        "assignment": "A203",
        "grade": "92%"
    },
    {
        "_id": "21",
        "student": "126",
        "assignment": "A203",
        "grade": "92%"
    },
    {
        "_id": "22",
        "student": "127",
        "assignment": "A203",
        "grade": "92%"
    },
    {
        "_id": "1",
        "student": "121",
        "assignment": "A301",
        "grade": "90%"
    },
    {
        "_id": "2",
        "student": "122",
        "assignment": "A301",
        "grade": "91%"
    },
    {
        "_id": "3",
        "student": "123",
        "assignment": "A301",
        "grade": "92%"
    },
    {
        "_id": "4",
        "student": "124",
        "assignment": "A301",
        "grade": "92%"
    },
    {
        "_id": "5",
        "student": "125",
        "assignment": "A301",
        "grade": "92%"
    },
    {
        "_id": "6",
        "student": "126",
        "assignment": "A301",
        "grade": "92%"
    },
    {
        "_id": "7",
        "student": "127",
        "assignment": "A301",
        "grade": "92%"
    },
    {
        "_id": "8",
        "student": "128",
        "assignment": "A301",
        "grade": "92%"
    },
    {
        "_id": "9",
        "student": "129",
        "assignment": "A301",
        "grade": "91%"
    },
    {
        "_id": "16",
        "student": "121",
        "assignment": "A302",
        "grade": "90%"
    },
    {
        "_id": "17",
        "student": "122",
        "assignment": "A302",
        "grade": "91%"
    },
    {
        "_id": "18",
        "student": "123",
        "assignment": "A302",
        "grade": "92%"
    },
    {
        "_id": "19",
        "student": "124",
        "assignment": "A302",
        "grade": "92%"
    },
    {
        "_id": "20",
        "student": "125",
        "assignment": "A302",
        "grade": "92%"
    },
    {
        "_id": "21",
        "student": "126",
        "assignment": "A302",
        "grade": "92%"
    },
    {
        "_id": "22",
        "student": "127",
        "assignment": "A302",
        "grade": "92%"
    },
    {
        "_id": "23",
        "student": "128",
        "assignment": "A302",
        "grade": "92%"
    },
    {
        "_id": "24",
        "student": "129",
        "assignment": "A302",
        "grade": "91%"
    },
    {
        "_id": "16",
        "student": "121",
        "assignment": "A303",
        "grade": "90%"
    },
    {
        "_id": "17",
        "student": "122",
        "assignment": "A303",
        "grade": "91%"
    },
    {
        "_id": "18",
        "student": "123",
        "assignment": "A303",
        "grade": "92%"
    },
    {
        "_id": "19",
        "student": "124",
        "assignment": "A303",
        "grade": "92%"
    },
    {
        "_id": "20",
        "student": "125",
        "assignment": "A303",
        "grade": "92%"
    },
    {
        "_id": "21",
        "student": "126",
        "assignment": "A303",
        "grade": "92%"
    },
    {
        "_id": "22",
        "student": "127",
        "assignment": "A303",
        "grade": "92%"
    },
    {
        "_id": "23",
        "student": "128",
        "assignment": "A303",
        "grade": "92%"
    },
    {
        "_id": "24",
        "student": "129",
        "assignment": "A303",
        "grade": "91%"
    },
    {
        "_id": "1",
        "student": "121",
        "assignment": "A201",
        "grade": "90%"
    },
    {
        "_id": "2",
        "student": "122",
        "assignment": "A201",
        "grade": "91%"
    },
    {
        "_id": "3",
        "student": "123",
        "assignment": "A201",
        "grade": "92%"
    },
    {
        "_id": "4",
        "student": "124",
        "assignment": "A201",
        "grade": "92%"
    },
    {
        "_id": "5",
        "student": "125",
        "assignment": "A201",
        "grade": "92%"
    },
    {
        "_id": "6",
        "student": "126",
        "assignment": "A201",
        "grade": "92%"
    },
    {
        "_id": "7",
        "student": "127",
        "assignment": "A201",
        "grade": "92%"
    },
    {
        "_id": "8",
        "student": "128",
        "assignment": "A201",
        "grade": "92%"
    },
    {
        "_id": "9",
        "student": "129",
        "assignment": "A201",
        "grade": "91%"
    },
    {
        "_id": "16",
        "student": "121",
        "assignment": "A202",
        "grade": "90%"
    },
    {
        "_id": "17",
        "student": "122",
        "assignment": "A202",
        "grade": "91%"
    },
    {
        "_id": "18",
        "student": "123",
        "assignment": "A202",
        "grade": "92%"
    },
    {
        "_id": "19",
        "student": "124",
        "assignment": "A202",
        "grade": "92%"
    },
    {
        "_id": "20",
        "student": "125",
        "assignment": "A202",
        "grade": "92%"
    },
    {
        "_id": "21",
        "student": "126",
        "assignment": "A202",
        "grade": "92%"
    },
    {
        "_id": "22",
        "student": "127",
        "assignment": "A202",
        "grade": "92%"
    },
    {
        "_id": "23",
        "student": "128",
        "assignment": "A202",
        "grade": "92%"
    },
    {
        "_id": "24",
        "student": "129",
        "assignment": "A202",
        "grade": "91%"
    },
    {
        "_id": "16",
        "student": "121",
        "assignment": "A203",
        "grade": "90%"
    },
    {
        "_id": "17",
        "student": "122",
        "assignment": "A203",
        "grade": "91%"
    },
    {
        "_id": "18",
        "student": "123",
        "assignment": "A203",
        "grade": "92%"
    },
    {
        "_id": "19",
        "student": "124",
        "assignment": "A203",
        "grade": "92%"
    },
    {
        "_id": "20",
        "student": "125",
        "assignment": "A203",
        "grade": "92%"
    },
    {
        "_id": "21",
        "student": "126",
        "assignment": "A203",
        "grade": "92%"
    },
    {
        "_id": "22",
        "student": "127",
        "assignment": "A203",
        "grade": "92%"
    },
    {
        "_id": "23",
        "student": "128",
        "assignment": "A203",
        "grade": "92%"
    },
    {
        "_id": "24",
        "student": "129",
        "assignment": "A203",
        "grade": "91%"
    },
    {
        "_id": "16",
        "student": "121",
        "assignment": "A204",
        "grade": "90%"
    },
    {
        "_id": "17",
        "student": "122",
        "assignment": "A204",
        "grade": "91%"
    },
    {
        "_id": "18",
        "student": "123",
        "assignment": "A204",
        "grade": "92%"
    },
    {
        "_id": "19",
        "student": "124",
        "assignment": "A204",
        "grade": "92%"
    },
    {
        "_id": "20",
        "student": "125",
        "assignment": "A204",
        "grade": "92%"
    },
    {
        "_id": "21",
        "student": "126",
        "assignment": "A204",
        "grade": "92%"
    },
    {
        "_id": "22",
        "student": "127",
        "assignment": "A204",
        "grade": "92%"
    },
    {
        "_id": "23",
        "student": "128",
        "assignment": "A204",
        "grade": "92%"
    },
    {
        "_id": "24",
        "student": "129",
        "assignment": "A204",
        "grade": "91%"
    },
    {
        "_id": "16",
        "student": "121",
        "assignment": "A205",
        "grade": "90%"
    },
    {
        "_id": "17",
        "student": "122",
        "assignment": "A205",
        "grade": "91%"
    },
    {
        "_id": "18",
        "student": "123",
        "assignment": "A205",
        "grade": "92%"
    },
    {
        "_id": "19",
        "student": "124",
        "assignment": "A205",
        "grade": "92%"
    },
    {
        "_id": "20",
        "student": "125",
        "assignment": "A205",
        "grade": "92%"
    },
    {
        "_id": "21",
        "student": "126",
        "assignment": "A205",
        "grade": "92%"
    },
    {
        "_id": "22",
        "student": "127",
        "assignment": "A205",
        "grade": "92%"
    },
    {
        "_id": "23",
        "student": "128",
        "assignment": "A205",
        "grade": "92%"
    },
    {
        "_id": "24",
        "student": "129",
        "assignment": "A205",
        "grade": "91%"
    },
    {
        "_id": "16",
        "student": "121",
        "assignment": "A206",
        "grade": "90%"
    },
    {
        "_id": "17",
        "student": "122",
        "assignment": "A206",
        "grade": "91%"
    },
    {
        "_id": "18",
        "student": "123",
        "assignment": "A206",
        "grade": "92%"
    },
    {
        "_id": "19",
        "student": "124",
        "assignment": "A206",
        "grade": "92%"
    },
    {
        "_id": "20",
        "student": "125",
        "assignment": "A206",
        "grade": "92%"
    },
    {
        "_id": "21",
        "student": "126",
        "assignment": "A206",
        "grade": "92%"
    },
    {
        "_id": "22",
        "student": "127",
        "assignment": "A206",
        "grade": "92%"
    },
    {
        "_id": "23",
        "student": "128",
        "assignment": "A206",
        "grade": "92%"
    },
    {
        "_id": "111",
        "student": "129",
        "assignment": "A206",
        "grade": "91%"
    },
    {
        "_id": "112",
        "student": "121",
        "assignment": "A207",
        "grade": "90%"
    },
    {
        "_id": "113",
        "student": "122",
        "assignment": "A207",
        "grade": "91%"
    },
    {
        "_id": "114",
        "student": "123",
        "assignment": "A207",
        "grade": "92%"
    },
    {
        "_id": "115",
        "student": "124",
        "assignment": "A207",
        "grade": "92%"
    },
    {
        "_id": "116",
        "student": "125",
        "assignment": "A207",
        "grade": "92%"
    },
    {
        "_id": "117",
        "student": "126",
        "assignment": "A207",
        "grade": "92%"
    },
    {
        "_id": "118",
        "student": "127",
        "assignment": "A207",
        "grade": "92%"
    },
    {
        "_id": "119",
        "student": "128",
        "assignment": "A207",
        "grade": "92%"
    },
    {
        "_id": "120",
        "student": "129",
        "assignment": "A207",
        "grade": "91%"
    },
    {
        "_id": "121",
        "student": "121",
        "assignment": "A208",
        "grade": "90%"
    },
    {
        "_id": "122",
        "student": "122",
        "assignment": "A208",
        "grade": "91%"
    },
    {
        "_id": "123",
        "student": "123",
        "assignment": "A208",
        "grade": "92%"
    },
    {
        "_id": "124",
        "student": "124",
        "assignment": "A208",
        "grade": "92%"
    },
    {
        "_id": "125",
        "student": "125",
        "assignment": "A208",
        "grade": "92%"
    },
    {
        "_id": "126",
        "student": "126",
        "assignment": "A208",
        "grade": "92%"
    },
    {
        "_id": "127",
        "student": "127",
        "assignment": "A208",
        "grade": "92%"
    },
    {
        "_id": "128",
        "student": "128",
        "assignment": "A208",
        "grade": "92%"
    },
    {
        "_id": "129",
        "student": "129",
        "assignment": "A208",
        "grade": "91%"
    }, {
        "_id": "130",
        "student": "121",
        "assignment": "A209",
        "grade": "90%"
    },
    {
        "_id": "131",
        "student": "122",
        "assignment": "A209",
        "grade": "91%"
    },
    {
        "_id": "132",
        "student": "123",
        "assignment": "A209",
        "grade": "92%"
    },
    {
        "_id": "133",
        "student": "124",
        "assignment": "A209",
        "grade": "92%"
    },
    {
        "_id": "134",
        "student": "125",
        "assignment": "A209",
        "grade": "92%"
    },
    {
        "_id": "135",
        "student": "126",
        "assignment": "A209",
        "grade": "92%"
    },
    {
        "_id": "136",
        "student": "127",
        "assignment": "A209",
        "grade": "92%"
    },
    {
        "_id": "137",
        "student": "128",
        "assignment": "A209",
        "grade": "92%"
    },
    {
        "_id": "138",
        "student": "129",
        "assignment": "A209",
        "grade": "91%"
    },    
    {
        "_id": "139",
        "student": "129",
        "assignment": "A209",
        "grade": "91%"
    },
    {
        "_id": "131",
        "student": "130",
        "assignment": "A101",
        "grade": "91%"
    },
    {
        "_id": "140",
        "student": "130",
        "assignment": "A102",
        "grade": "92%"
    },
    {
        "_id": "139",
        "student": "130",
        "assignment": "A103",
        "grade": "91%"
    },
    {
        "_id": "139",
        "student": "130",
        "assignment": "A104",
        "grade": "91%"
    },
    {
        "_id": "139",
        "student": "130",
        "assignment": "A105",
        "grade": "91%"
    },
    {
        "_id": "139",
        "student": "130",
        "assignment": "A106",
        "grade": "91%"
    },
    {
        "_id": "139",
        "student": "130",
        "assignment": "A107",
        "grade": "91%"
    },
    {
        "_id": "139",
        "student": "130",
        "assignment": "A108",
        "grade": "91%"
    },
    {
        "_id": "139",
        "student": "130",
        "assignment": "A109",
        "grade": "91%"
    },
    {
        "_id": "139",
        "student": "130",
        "assignment": "A201",
        "grade": "91%"
    },
    {
        "_id": "139",
        "student": "130",
        "assignment": "A202",
        "grade": "91%"
    },
    {
        "_id": "139",
        "student": "130",
        "assignment": "A203",
        "grade": "91%"
    },
    {
        "_id": "139",
        "student": "130",
        "assignment": "A301",
        "grade": "91%"
    },
    {
        "_id": "139",
        "student": "130",
        "assignment": "A302",
        "grade": "91%"
    },
    {
        "_id": "139",
        "student": "130",
        "assignment": "A303",
        "grade": "91%"
    }
    
]